tx_volume,avg_tx_amount,num_unique_counterparties,new_wallet_flag,is_contract,avg_gas_price,label
2346.3404498842956,208.88505004666268,10,0,0,64.45860401113794,0
15050.607154587606,133.23278206449493,11,0,0,49.69851872345522,1
6583.728467727246,219.00989255029816,7,0,1,38.43199550676064,0
4564.712768879766,230.52928726419117,7,0,0,23.39045575831806,0
848.1243523117314,227.989522396552,5,0,1,39.7092536444723,0
847.9814595730259,254.0390362777311,13,1,0,40.741816300280576,0
299.1938430434034,241.6961077274452,10,0,0,51.605861794884454,0
10056.154322399698,222.95900396142184,16,0,0,44.82279678292959,1
4595.410768136323,196.49171442706765,5,0,0,60.318994580771424,0
6156.250308522952,116.95195332420045,5,0,0,40.80525093093966,0
103.99653999569311,221.4809109566293,10,1,0,49.144382497205875,0
17517.78737579156,210.38438435815556,10,0,0,67.75981164795334,1
8932.147716773376,213.57894185976866,8,1,0,55.1273782093245,0
1193.438126244735,136.16257120898453,9,0,0,49.09943687467153,0
1003.3949437483168,145.94717297958687,15,0,0,40.97083337097234,0
1013.0571141612853,252.6576426666452,11,0,0,40.50152904927534,0
1813.7686473023857,198.02224230716726,13,1,0,37.240801205720786,0
3719.6391543042723,234.07503486863123,11,0,1,41.88489701325651,0
2827.6853339016834,201.41591880652297,7,0,0,61.33498758116472,0
1721.1149627697075,201.48780697478716,11,0,0,46.67167593061597,0
4731.854369498993,246.9141902987999,5,0,0,29.753403959281535,0
751.1726436366934,174.1977635891313,10,1,0,76.52253939589676,1
1727.5775600120114,204.80603884704917,6,0,1,54.799477867177444,0
2281.386091104235,176.88623556474786,13,0,0,28.89584899230246,0
3044.673439298875,178.27518862838423,4,0,0,43.372266091387644,0
7689.680055154559,184.54139382656803,16,0,0,51.66329574242627,0
1113.6793106434513,211.10668858168563,12,1,0,75.56888139946065,1
3610.1457751656385,176.06256891682614,11,0,1,33.378313126116964,0
4487.5236065488025,262.78780627867604,12,0,0,64.6406107903392,0
237.81924878204273,155.26963488902481,15,1,0,70.99229640458515,1
4676.66510324805,190.65641779193206,10,0,0,40.57018542388145,0
934.8062598870821,178.01344708629125,8,0,0,45.837295717096495,0
336.3196543965212,272.3488942176866,11,0,0,34.455361289393444,0
14868.438967534654,209.82773882557873,6,0,0,46.94808288379543,1
16853.151712305862,251.59222697343174,8,0,0,49.451150384856035,1
8261.657864064384,125.7219813481514,11,1,0,59.894749971235555,0
1816.4392998437913,213.35251329346295,12,0,0,66.3527520653067,0
513.8865750125312,244.48153978117185,12,0,0,38.7785590306753,0
5763.753815493309,204.1141994637712,8,1,0,20.490124036610084,0
2900.4542129269917,253.27401875326757,9,0,1,49.681328310856365,0
650.7611697722432,174.1355774949814,15,0,0,54.403062949529605,0
3417.7361406707505,270.467372009279,8,0,0,53.741265315275626,0
174.96860721739543,314.9449061809625,9,1,0,45.09990128736434,0
12002.11443696512,181.85807197801705,12,0,0,51.871281494959014,1
1497.2888842034304,177.7248739299614,9,0,0,72.73167212528371,0
5431.278992824901,272.66922385588504,9,1,0,55.726012534437636,0
1867.7329082881183,278.97860728653563,15,0,0,44.399473624953735,0
3670.5544795461433,173.85699864233658,6,0,0,42.49703274356007,0
3956.1189899089877,178.99065914520713,11,1,0,47.45221463483404,0
1021.9429975395287,185.91076955697463,8,0,0,74.5510994274596,0
17464.035663681134,132.77747444828614,9,0,1,47.25048935710704,1
7461.226885690704,154.06740267579008,12,1,0,49.70308483218938,0
14025.472096457912,149.7929616623966,9,0,0,42.765296435955456,1
11260.759987670983,161.6101217447936,12,0,0,66.48475036162947,1
4555.272061916375,198.26575563066095,10,1,0,79.39755882117012,1
12747.176896347026,211.71073662682602,9,1,0,56.759195741470826,1
463.2772947655781,277.52502464070386,6,0,0,51.24159355678139,0
1090.6734731563372,150.08229796306046,13,0,0,50.551742497613525,0
231.40982843415978,249.21611992382918,8,0,0,14.235398168213816,0
1967.660434015434,189.30055778872455,8,0,0,61.17726296427226,0
2460.651458971093,197.52681451737834,11,0,0,52.012496239937654,0
1582.8022160441285,233.74097460833016,18,0,0,56.42513075991088,0
8822.78932620467,143.86389892188507,9,0,0,39.328067088744426,0
2206.1349976493507,219.12048730920253,10,0,0,44.23314681534362,0
1649.014200671246,208.3226104106528,10,0,0,43.834625952452406,0
3912.03541603873,224.62256320040743,9,0,0,65.32434476109559,0
759.4907391031443,214.4584321953909,7,0,0,44.3186024509536,0
8102.4179788736565,322.7650069955447,10,0,1,81.23990483164697,0
387.37934405654505,168.1130007874342,11,0,0,56.46293628522556,0
21670.731697936597,173.4501522499091,9,0,0,30.864760100064025,1
7397.418881207557,168.84297367876178,10,0,0,48.071805601220646,0
1107.6972025294297,172.22614404198725,11,0,0,40.22487316765377,0
27.687101879677375,168.13064363467413,11,1,1,17.084262952699635,0
8449.48388743063,259.4508265553776,9,0,0,73.99206410170684,0
6135.479536935223,271.0252123994927,10,1,1,60.54713813330006,0
6528.314543939995,171.4626853125262,15,0,0,57.99810976848969,0
7376.072630217567,158.38222134478858,10,0,0,52.481054904495565,0
384.64632756898175,223.5707778193202,6,1,0,29.269736469613434,0
2219.4633620811624,172.3888477859514,6,0,0,42.74574290666845,0
615.7505230222482,231.64659088777555,8,0,0,62.626711621760194,0
9942.647858291113,210.14615104256498,16,0,0,34.23169955326246,0
4881.50595856187,124.2127942501384,10,0,1,12.0234602562378,0
2009.0940062565048,277.3752600665031,11,0,0,46.59340988328611,0
328.3403290239145,289.7938836547761,8,0,0,47.87363668958692,0
1862.4417520517686,169.3605654757807,13,0,0,52.033451246220636,0
1966.5710659206568,180.6149220032008,10,0,0,60.927779652718044,0
6539.3789197887045,214.29326953624525,13,1,0,59.56408718346813,0
5074.4467946301,216.72283949935127,7,0,0,53.881547078658826,0
10911.259562007574,232.92721363364151,14,0,1,67.93297082130064,1
3195.330666881549,300.5102269383175,9,1,0,27.21545328780028,0
636.8619680775095,191.15263862529753,12,0,0,57.568727217160856,0
6245.631721582997,160.08513777307732,12,0,0,59.39807545005414,0
7151.96376538432,131.03403859927363,8,0,0,31.40656570879641,0
4119.437474429144,163.45349800290404,13,0,1,27.456940869764164,0
7369.449833606823,198.34365135631015,8,0,0,38.810868102865975,0
3404.0736575513897,289.7278931758894,12,0,0,40.07687836227062,0
3698.394193886335,174.11943504819143,11,1,0,61.30129195253647,0
2789.070969542137,211.18939758194492,14,0,0,40.78191824463357,0
128.73886995056864,199.1788551963624,5,0,0,37.15477222578194,0
570.8371759593292,259.4196636724042,4,0,0,40.82549394958161,0
159.6684064652691,326.3466212936811,9,0,0,66.77948501231317,0
5058.647754637747,173.45656135398397,8,1,0,50.19565061565428,0
1886.9835439754993,175.5280278740889,10,0,0,47.311234619646314,0
3552.1858856709505,252.2080438534536,4,0,0,48.34991751948422,0
11906.327649229877,234.09457448131556,3,1,0,69.38090501489783,1
1433.6941149164916,292.3353662868017,9,0,0,38.76242410095137,0
2641.409874413363,229.1964092662982,7,0,0,69.73262436410155,0
7043.745737692917,182.035395460647,9,0,0,53.15744448382255,0
1299.02578458697,229.53274153461547,8,1,0,47.593709270369786,0
400.52139275088183,255.4351790291454,7,0,0,87.51350746901423,0
1710.7015194352853,241.0241090598682,9,1,0,34.165407653021056,0
879.0417925003143,225.36370155536488,6,0,1,44.69471360649491,0
13274.750429403124,253.3337344794577,10,0,0,31.513531412539997,1
8254.435402422847,258.46477952228366,11,1,0,64.28692955804254,0
5017.470952602655,269.10794955187635,7,0,0,75.33783400477517,0
10257.598652604065,232.43549437948212,10,0,0,75.04884172106958,1
8139.844703702782,191.64409598415727,6,0,0,68.35923129719006,0
1032.4773817931953,207.33568432166615,8,0,0,47.035692983060514,0
11154.067026177805,260.3254483254178,8,0,1,44.521385337652305,1
3875.49950983086,159.15321645063818,11,0,0,24.932453412589023,0
8236.741456517831,218.43366544364505,12,0,0,80.53810302772689,0
11321.213246431156,180.33305938363196,3,0,0,57.034671172227014,1
1913.6535820915924,201.4372411467409,12,0,0,42.620646426957755,0
582.9608006192542,263.92259313036493,14,0,0,69.92085333480452,0
1293.4337306969069,209.55495340099517,7,0,0,35.40853224859999,0
2785.288463743072,202.32182740780743,8,1,0,56.099330513340114,0
8519.148633194725,132.00719295100404,9,0,0,47.41056298563748,0
9856.724859399166,237.31267830136105,14,0,0,59.580157098204516,0
34.88204590825323,232.27420905705378,9,1,0,49.04639691220818,0
3574.380796692779,308.16273616527303,5,0,0,28.236081633331633,0
2701.3666045933564,184.61108825234996,10,1,0,51.13364559005057,0
1255.8366913791224,210.95751638319695,11,0,0,65.73296212813042,0
638.401957728234,212.46918418553776,12,0,0,49.56175391219022,0
2059.5428993121623,278.8726639881737,17,0,0,61.62672682383629,0
14315.60561345575,195.2352233806524,8,0,0,34.3170577148892,1
1951.919014407372,213.95107628851696,13,0,0,49.60608810095222,0
3657.2640288007597,230.39482548582697,3,0,0,40.63234317367134,0
6070.434884404274,209.3304561578179,17,0,0,61.20471260157065,0
2259.8724948348117,177.67831927247357,9,0,0,50.47237343392994,0
17838.990691458497,209.7044996449154,7,0,0,60.35110514504919,1
16410.04932270699,253.6815874929886,9,0,0,66.31565639236798,1
1450.3064749610264,148.67423502944698,13,0,0,60.374278626820825,0
3438.296392319236,206.6484837073438,7,0,0,54.09677651440466,0
1789.6523003952339,164.99395925304134,10,1,0,35.026816122328924,0
1676.2483819054087,259.7523314462421,7,0,0,49.95820833999648,0
187.92238882761265,123.84065476081126,11,1,0,42.00364396976251,0
4702.460354912966,172.05390763642058,6,0,0,44.839040649436605,0
3492.598164148192,218.86059375322606,12,0,0,44.38198773874624,0
264.2554369019624,278.276201461717,11,0,0,35.30111637826633,0
1633.1296050518467,196.71248694635062,12,0,0,20.639921162990152,0
11944.304755446701,172.2400236653401,15,0,0,39.977854275083494,1
1369.3027607103852,294.0578534720295,9,0,0,52.90069177886239,0
782.6543049273488,127.5993049791878,5,0,0,29.777344318587648,0
3361.3605473681814,90.0597021689959,8,0,0,50.235233547074365,0
21220.1849130763,222.00072250266663,8,0,0,78.50402636466447,1
1385.724067798631,174.89728878236943,6,0,1,65.34584832878359,0
5575.7750514864665,148.93835914346434,10,0,0,74.65312263680794,0
7169.438131197315,235.41782236496766,10,1,1,55.866918153990895,0
1356.665861679029,212.19003568855993,18,0,0,67.51264734479669,0
6513.744642461581,171.79606846316358,12,0,0,39.14052904298319,0
2292.61399632152,135.98478006645527,6,0,0,40.334895994670234,0
5002.518738658857,243.62286641400723,6,0,0,8.912896907937908,0
5019.1891356881915,232.51005889793305,13,0,0,67.79218211063449,0
3836.926249761744,195.04120681103086,8,0,0,73.1048596972983,0
473.1457940581048,292.3318498023833,14,0,0,41.70234131979095,0
9018.223971231484,146.49576168369236,13,0,0,46.190724404041475,0
1934.0514683369831,123.72374145376305,9,1,0,38.692068294635575,0
1032.1605330377827,165.40459650593777,4,1,0,55.739803272162376,0
208.14879897172602,197.7206991822251,7,0,0,66.87398817954862,0
4468.892022972917,212.16697246613458,12,0,0,23.858420391784385,0
5659.258671336745,187.9381971071835,16,0,0,56.141577959633786,0
83.63473779235309,217.60276982571483,18,0,0,45.84992342421282,0
3588.1529227474416,137.4230287904778,9,0,0,51.70091587950034,0
1284.1207352747883,272.188230203663,7,0,0,56.884910025114365,0
5180.62170773846,195.89244108037155,11,1,0,47.17696341840768,0
958.0211126956688,255.8647915794064,11,0,0,48.44619719891329,0
5871.062637838596,217.13626731888522,13,0,1,46.79187248668042,0
2444.793504905509,222.8376609576892,9,0,0,64.55474302682423,0
13801.719089021535,228.48836401161017,7,0,0,56.281399401912445,1
739.7220671963947,222.38542800086574,15,0,0,53.30875306606041,0
2085.662169975859,232.1361379933772,10,1,0,30.935724183615758,0
602.2214251849821,266.4576265066216,12,0,0,44.32130385180269,0
12930.951985753618,209.8260584850735,6,0,0,63.480037405087614,1
10491.66853580497,235.4501878794256,11,0,0,50.56544859685884,1
1491.6368503074445,195.51321528563867,10,0,0,59.89297204383708,0
5393.813695219573,272.0058607724736,10,0,0,76.49767700491451,0
8497.420363196106,166.1803848970365,4,0,0,65.57909103813225,0
4050.66180343254,290.0470216455408,13,0,1,51.397375065496135,0
3771.39705096973,197.99210246778284,10,1,0,42.33516244706409,0
1384.3852271895157,128.4612448940976,9,0,0,11.696756059161526,0
488.6307023747036,206.40522074553945,14,0,0,47.474226162907215,0
11375.616125972614,165.94741712625597,18,0,0,45.109812562747265,1
11533.872138242134,242.0321774494362,11,0,0,55.85549291593063,1
5013.349597414423,167.36880103488045,9,0,0,47.69142159537969,0
2070.2325490566195,177.690828339261,16,0,0,45.19422410844808,0
2147.8380790582196,105.52296345272345,13,0,0,23.30901604239169,0
6472.327148635591,177.38468403754615,10,0,0,35.900482562749005,0
11370.486745536262,78.80603366855216,7,0,0,57.14976561200836,1
10905.662846983067,120.80485882571384,12,1,0,75.73861446699041,1
7567.810959654516,238.02073280721487,11,0,0,48.537119243815646,0
5136.553467838525,239.2900079325416,10,0,0,54.91716610361185,0
439.45863098042025,221.27287808924822,16,0,0,64.28717235429208,0
881.4710734170575,151.65119284353935,11,1,0,37.836590956996254,0
11441.152500887529,197.614432192901,8,0,0,55.50221064928163,1
4662.469734827948,199.81987304547158,12,0,0,38.89264840501762,0
46.19802805497205,142.08176554037288,9,0,0,62.97236657736517,0
534.9845071797466,275.1699150883575,10,0,0,52.27104571927599,0
5445.811936451205,243.86811452878356,5,0,0,54.4767772097216,0
25.372185258985013,188.95179130851682,9,0,0,38.26102103872116,0
876.5790805209953,201.34429194972654,13,0,1,60.605485394161775,0
3978.4892306946585,210.41914039737762,9,0,0,81.27069381846525,0
5886.576433274064,97.91325657878546,11,0,0,34.88132456857691,0
5277.207410676244,187.64113087397016,13,0,0,44.90361488528714,0
1269.7493365401224,165.90078760011008,11,0,0,53.474112112521375,0
6227.086444492695,149.91899950525422,11,0,0,61.796093179937245,0
1354.1187952640296,185.94498535570224,5,1,1,41.60680572065797,0
1968.1745445904223,289.88432634247613,7,1,1,7.5045456478589,0
6861.787758328954,232.0421430633505,2,1,0,70.38784241246037,1
5243.86907151384,171.44105051086015,14,0,1,61.407591793762144,0
9459.780387317005,228.62913906780793,17,0,0,23.855787042700022,0
5359.066440848812,269.9677718293001,9,0,0,40.88646812330666,0
4200.221527936287,246.23168414563844,10,0,0,73.52273644290989,0
491.7853072420524,202.9815184960087,8,0,0,71.71694627686799,0
2292.0815360351003,167.6531611147213,15,0,1,64.07960034018417,0
1540.8007392941558,234.9111656806795,13,0,0,47.35831349060206,0
1398.5010183121062,219.6742692710875,10,0,0,51.24481128218765,0
18061.54703081463,244.7596610013866,11,0,0,48.0361129231081,1
2496.9374852001188,231.75859008409847,8,1,0,66.92359674903255,0
11130.276056242614,252.47763576596677,7,0,0,36.86236390257335,1
4986.6719286824155,173.2382394219716,10,0,1,37.91300517673693,0
7919.126263441999,265.8697032817163,8,1,0,65.15411880254024,0
3492.1766219438523,209.87998023461998,13,0,0,49.334578167326576,0
4300.779513207925,303.76304363126326,10,0,0,70.67701033180712,0
3391.467166708467,165.5406090955216,9,0,0,39.92731689529182,0
1086.0744766261926,286.79819015826246,6,0,0,49.178324594917626,0
6408.809015329019,209.8955391731324,10,1,0,36.1638052273407,0
1647.8868418313148,167.42909981927758,20,0,0,50.11044022135351,0
123.08240540344308,175.80570829728393,8,0,0,27.821795945018017,0
5184.843931476369,183.982634590284,7,0,0,42.685498685675554,0
974.6678511241134,221.20829732009582,7,0,0,28.456192026078234,0
14105.415736366516,226.14177440177497,9,1,0,60.408848497868874,1
15387.812063940117,171.31499980307106,8,0,0,60.74884009639478,1
12317.549423169206,198.78227038695087,13,0,0,24.046059042734825,1
2311.4369824868336,307.11351793059316,9,0,1,70.0082861825086,0
77.88657685972191,286.3771585050356,13,0,0,87.4612268962978,0
13177.617286659448,221.8161834837016,11,1,0,50.69009580104512,1
2794.6913852653065,201.90017390841,12,0,0,40.38328609663033,0
17004.21008061028,206.00156633591305,13,0,0,92.3649588650457,1
16568.67738065103,230.67589863652083,17,0,0,30.21547252546234,1
9586.935085897096,148.86037174007973,8,0,0,50.30159700303648,0
1743.8803408608014,187.13117312883276,8,0,0,52.69433408947885,0
2431.459660493468,116.5707963061205,13,1,0,70.17721430678623,1
9523.633262390398,219.96115613026396,10,0,0,55.396084626901825,0
1905.7311571535854,232.35979698513705,9,1,0,42.52049156317323,0
928.5930814787739,175.84067688503131,13,0,0,35.732234444180655,0
4068.6849603011387,278.6993381645016,12,0,1,44.872672696307966,0
13756.467354035209,138.71171684988295,15,0,0,34.896089585822835,1
5954.127988789686,126.781255989509,8,0,0,50.717379796770246,0
4220.561682178278,211.2225909279986,7,1,0,41.537057302092705,0
511.14098674661443,252.35491513060774,12,0,0,27.58943310065374,0
4772.653577588589,284.1963845728934,17,0,0,68.82718682562356,0
23052.848739231587,177.055786856553,9,0,0,42.53491214856441,1
754.6029332113208,253.93404167156478,9,0,0,30.977947925370312,0
3652.4766249075187,198.07457652496464,14,0,0,47.47611298268688,0
10493.043189503973,191.36863500295902,9,0,0,51.02557348951488,1
6750.17124176835,244.1829968743336,10,0,0,23.802999116314496,0
5970.372126508365,232.616143920671,6,0,0,54.97471500688644,0
6061.437781122449,121.18039215078753,6,0,0,34.292636469646034,0
2227.4617115747456,273.8270174862948,8,0,0,75.66543213786181,0
1737.810421335476,269.0045677073726,7,0,0,57.85940768115102,0
8286.872536298562,168.72186492452352,11,0,0,44.00150014836026,0
8306.640995435144,219.79017667187046,15,1,0,38.82248344523975,0
10089.750236839574,224.70150931413693,12,0,0,48.42548438654564,1
12223.079809183182,213.03368829119535,10,0,1,59.19186112374935,1
3580.4661846645186,172.484742307729,8,0,0,49.617588071222,0
3480.921887755996,166.41883160309743,11,0,0,46.74261789294715,0
8004.749661542437,198.72229645042773,12,0,0,50.87555436226843,0
5248.595374439001,258.63645096296824,8,0,0,40.94211603144568,0
6052.753242557585,227.1800077297216,12,0,0,44.85191109735443,0
7943.097374771024,181.4692833956947,12,0,0,18.71311341642494,0
11036.617381733835,238.58493553241723,7,0,0,64.60589346278552,1
2062.412035688271,57.57286896849622,12,1,0,54.48196670482643,0
2354.683943637782,257.4382850186052,8,1,0,38.39816233949855,0
493.4801959368028,113.01431106109501,4,0,0,78.48102472032858,0
4317.070133047173,181.8779529298434,5,0,0,51.3052472058858,0
183.02052105428498,144.0165052686928,12,1,0,34.45784642037204,0
3133.034740910548,135.2659262139547,9,0,0,62.85106132205688,0
3911.47292843563,258.04133936892595,9,1,0,55.97072324763894,0
1688.1533015726125,176.61493993440544,7,0,0,55.91869978226329,0
4468.1626507308765,217.3251940865358,8,1,1,43.61366593022614,0
154.87531050737272,197.6539710560408,11,0,0,56.75743585667052,0
190.3174964139469,223.85204136115607,8,1,0,46.07362564668358,0
8646.75684769068,203.84109455301277,11,0,0,58.339121774687634,0
2232.9251210387233,135.85038879057151,11,0,0,21.425833189840418,0
679.4452064871399,249.813340972357,7,1,0,43.49189805531216,0
3693.267941395078,175.31217084193437,12,0,0,75.83232646712293,0
7348.239702228676,122.17090506701244,8,0,0,38.4939881689955,0
1215.5900171495168,178.59424195170436,17,0,0,40.942425537602205,0
4876.098093282464,275.03798953171554,7,0,0,43.28057992325037,0
446.0551449494864,242.51108710567465,12,1,1,31.77790796167035,0
265.325479551547,182.56739327960705,9,0,0,16.87578835657622,0
3789.544703127605,182.53711478407857,11,0,0,46.541204022145806,0
3889.552213473711,183.91824743913088,9,0,0,52.03789136122485,0
5072.68724102308,303.83739917804206,7,0,0,49.21242397192022,0
6474.802814583421,219.09677261157768,21,0,0,47.826821570781696,0
18617.785043499964,221.50208235955347,5,0,0,50.645613062755814,1
3631.4555961517813,251.51417270159212,15,0,0,65.34262207326147,0
1950.098570529894,211.93945795132566,7,1,0,47.143307211061746,0
7928.269898663431,187.04789270896484,12,0,1,41.38876134369096,0
1579.2573271806864,190.1825075457511,11,0,0,45.783117726678704,0
2889.917156366507,196.4199370292968,11,1,0,58.69020139635164,0
408.5258429183495,198.1388881745079,12,0,1,71.18040317814874,0
128.3880477073719,236.381477181849,7,1,0,40.57784391246233,0
16436.89961634301,202.59729429036497,12,0,0,51.48400680543325,1
9038.838210575313,236.63200386077895,7,1,0,55.07536162903939,0
5953.213663996708,195.96417099457088,8,0,0,35.111329899067655,0
2629.2982223257095,203.93175951580454,4,1,0,50.306257508193774,0
951.5326807105437,100.08996577339462,12,0,0,28.014892139868575,0
850.6037078642707,245.81638373512408,12,0,0,23.464245443909018,0
1440.029945632918,217.32442379489964,16,0,0,55.50119611838385,0
3983.953241566573,249.9005054929826,7,0,0,44.24187888003826,0
6269.246438883879,55.187231090315535,12,0,0,53.03420611431829,0
5396.951748483993,304.4187352390364,10,0,0,49.73157534487475,0
1642.0613069449796,193.0205185922413,9,0,0,35.35399927004304,0
15490.517492781533,255.40914083687582,11,0,0,49.32118547053495,1
6695.087024376132,148.00470364372345,8,0,0,31.503480424777173,0
4041.1524096566563,230.63869525312847,13,0,0,70.864585370021,0
4730.152360187175,147.3292218413172,11,0,0,29.66044482710054,0
2720.189327660257,168.81155196520973,12,0,0,47.06322093547128,0
1423.3064613703175,295.7015676933393,9,0,0,34.36592617929128,0
2200.070646615562,190.46587996183268,16,0,0,58.55631760041193,0
7090.909238783566,210.87164365898613,13,0,0,45.02852943077746,0
72.49039860402138,243.50338653443768,9,0,0,42.219999205681845,0
616.9019611998802,224.78409439863023,8,1,1,62.79802317577332,0
235.47188476260263,207.52094525717882,16,0,0,50.441458875163285,0
207.90725958646215,218.24805012331126,13,0,0,57.74966668903951,0
9671.015168078293,320.17077926191376,11,0,0,35.280110952238026,0
6081.203058503442,197.11906014832073,6,0,1,28.927745841087397,0
3213.9229720644616,210.05495233574837,4,0,0,51.608119430602,0
514.7845922390662,252.5327198003806,13,0,0,45.21730466757903,0
3382.589828986166,255.2762966478992,5,0,0,59.39652008680916,0
3207.2516604718558,259.351515278019,8,0,0,48.801373210061755,0
950.9735640011249,231.93651110145922,10,0,0,53.07613008851945,0
2844.495656511619,142.84975436347582,9,0,0,25.64926205088134,0
2541.6830729160342,281.6715766150548,13,0,0,78.32655409421385,0
4783.612164565672,142.6827303490656,17,0,0,47.53637022451952,0
5040.57268020456,215.13177326195165,8,1,1,60.46380455508798,0
231.81162010267366,162.28620749903212,16,0,0,37.458624946705605,0
2346.920023275308,196.79308267035037,5,0,0,54.620148533260114,0
4915.624973913643,216.43812051517403,10,1,0,30.45732854712882,0
3497.1972630389487,216.06786077251365,7,0,0,56.78101757389506,0
9706.747265877193,221.09603771176424,9,0,0,44.66038873421251,0
5374.873820274989,280.68556345293234,6,0,0,50.43785755903351,0
889.2643438365367,222.67671507569898,7,1,0,60.46961045195146,0
365.9121812812042,187.79216823546756,6,0,0,31.511895331695797,0
5141.970735544455,248.20435841441787,12,0,0,39.73262404080805,0
134.34536333697216,259.47352444623203,10,0,0,56.85986421630148,0
4406.736889036453,138.61960924315036,5,1,0,81.47332211820121,1
14086.27727693576,229.8700034924929,7,0,0,47.92876498007777,1
4283.912227887722,235.0586371155449,5,0,0,58.86704176885899,0
2456.5034611195365,185.1218248320004,10,1,0,48.3954279521228,0
5154.13578922491,268.785340665581,7,0,0,79.1336839213445,0
3064.7798702554564,192.49722064837366,9,0,0,23.791674995521166,0
3944.071802881601,206.27882267357714,11,0,0,51.41931567004037,0
14190.635731164995,191.34640878580652,9,0,0,25.616839496569085,1
2439.6376367509356,200.7789523790734,10,1,0,12.401426441949251,0
16245.459307533769,145.1862456552399,12,0,0,54.461930796767255,1
11787.880918849596,127.99745587028528,10,1,0,52.092466942211885,1
1089.48130470225,279.7252531612486,14,0,0,45.72744593386698,0
359.42077651578506,157.6519325840836,10,0,1,48.407088649403704,0
531.1266774081511,150.43038252718463,11,1,0,96.47449151106886,1
91.94943923616852,92.33049431981426,8,0,0,46.127372929528484,0
496.0250582787707,168.05191261552488,12,0,1,57.65186541875112,0
5744.374362885836,133.84551032962509,9,0,0,40.25952770579178,0
369.2481347321351,282.10075800681847,7,1,0,54.42848862560905,0
1920.7859414743425,250.4908544671317,9,0,0,46.42649487416574,0
9317.630200486385,165.5924827411138,13,0,0,43.84222275905405,0
117.73501590355754,312.62179026721543,10,0,1,77.28347798300487,0
8422.652530929792,249.0882743495797,11,0,0,67.65777444776508,0
1655.4173341981473,183.75843082456888,7,0,0,52.05119971098846,0
628.7505991455382,75.02971425632137,12,0,0,15.436820960840498,0
5965.777042199567,314.54712862953704,14,0,0,44.584861651211455,0
4956.995882166101,130.5213766618202,8,0,0,90.54541346607625,0
10497.079070434735,117.73006265215541,9,0,0,46.54007500040438,1
6641.467893822001,251.128521600482,10,1,0,66.54826358080487,0
8134.979029969891,321.9876203169636,9,0,0,71.62913602928901,0
1656.6693115336927,269.2136409255259,15,1,0,53.28445873783963,0
976.6664802022349,228.195456002618,9,0,0,37.37267552197772,0
6943.781980027124,229.7377170832643,19,0,0,13.470315023256674,0
8221.045916217097,242.67077793901538,11,1,0,60.26244812913432,0
23285.024450701152,237.94642948933824,9,0,0,37.77865995764678,1
2660.396770763025,214.0595711984688,11,0,0,52.642256778315385,0
2326.2195598086637,205.21005519759382,7,1,0,31.252694906159537,0
7489.772516717935,196.8703436050239,9,0,0,46.021436892946966,0
2083.6683546537656,162.30177055666618,9,0,1,50.5057858235158,0
13350.689621996631,185.9662461566613,12,0,0,54.02890371566447,1
9774.195785831245,115.35215929023073,12,0,0,33.27766718971379,0
2801.7780472107984,195.0830186602625,7,0,0,67.95366423142029,0
6948.923582477306,150.57044464245413,10,0,1,41.04657822902043,0
7023.164934275086,144.82053413921145,10,0,0,24.882958093201324,0
544.1875940335901,208.99470755767393,13,0,0,48.364648700548045,0
11642.22840433816,269.60011431722995,13,0,0,50.5156296353969,1
3518.5374487837717,245.91583030011566,6,0,0,52.4088414975764,0
8756.66278761665,121.47496981884113,11,0,0,70.43198605527618,0
1928.6771308225414,150.51859317148313,6,0,0,46.45326744896211,0
11293.952572729631,247.0385593994108,11,0,0,48.20570563446843,1
2464.9422703008563,150.87563032308452,15,0,0,33.4522342815036,0
54.48403307587739,188.76834250014878,11,0,0,62.308302543318455,0
11789.536484812268,227.5026049512276,10,0,0,52.76463596117156,1
478.62805274237627,151.58277725681825,8,1,0,43.69958409058756,0
1923.2681669251945,205.268775307298,8,0,0,21.429879598018044,0
14984.861915941428,133.2987252540898,7,0,0,71.6661829258263,1
15039.747700519947,169.93161780243932,15,0,0,31.584800533159143,1
4259.986455276319,215.98909670712686,7,0,0,41.130829859454415,0
4996.150401952623,120.35031332341653,12,1,0,55.37516766614005,0
2975.073318114288,222.02373689801996,13,1,0,32.0516310707497,0
1735.1138937309852,199.01811005366594,13,0,0,27.59735332620285,0
1992.4316727519486,227.6244977208574,12,0,0,18.140786259490028,0
5581.6178996425315,211.19570670323307,16,1,0,60.814954293584535,0
6979.189368315386,268.2070214986922,8,1,0,41.82220632910517,0
7840.977081105743,206.26122513239537,7,0,0,93.90905138709995,0
7794.155159243709,178.52972294373734,7,0,1,35.0846740155369,0
478.1847327015972,206.1148751516142,8,0,0,36.17823464856618,0
3410.2479828667797,227.16490145181942,13,1,0,41.51910544571898,0
296.40853224368897,202.44300351628522,5,0,0,53.64701982707734,0
3987.3065784769647,202.0295845601941,9,0,0,42.94694991822033,0
2912.7763749364176,164.90041560966222,7,0,0,59.18498321003768,0
10933.093321104006,166.85495412245257,15,0,0,35.32117415017019,1
2160.9580973394254,129.86973641001532,7,0,0,29.276124223046285,0
622.5298877622544,287.478837159347,4,1,0,23.02677890886339,0
771.5382727105969,137.80683823043574,12,0,0,16.64638748094205,0
7167.152735395469,165.35474011020463,7,0,0,42.22896470787415,0
4814.528398740175,164.07963672154014,9,0,1,45.48529531410167,0
533.0435612269272,244.74621884722205,13,0,0,40.52844458775225,0
439.2776083430254,185.2525160853986,8,0,0,68.65108695780742,0
6036.0423582654985,262.3871036336867,7,0,0,68.42045314412202,0
377.7304476289857,166.32546878780659,13,0,0,44.97795518833247,0
8625.929269042907,213.9497081111901,13,0,0,23.091183302120555,0
6124.998765650025,158.23264733701214,11,0,0,41.4994233791742,0
424.2437529015603,307.2574563886694,14,0,0,41.002679091244076,0
443.26933888903346,140.62007904852436,13,1,0,40.14297556582913,0
21577.29281029046,215.49103551135138,12,1,0,39.534216441526326,1
2344.187912761448,231.6888440466049,7,0,0,40.19805656412789,0
2315.2763023765624,220.6899548725749,8,0,0,44.20187576153361,0
8377.877016413386,190.7356170561146,13,1,0,40.466883517766654,0
14710.82268981622,193.5089650133287,11,0,0,53.12483762938388,1
21343.86969800992,202.19057359895547,9,1,0,55.405530738572914,1
6999.496150581709,192.64989991857556,12,1,0,36.34032369226265,0
2360.104998095628,248.19395583974548,16,0,0,69.0659798901055,0
435.9699684897863,310.52615007956757,10,0,0,35.299065472390794,0
7506.212702273128,172.1254107496083,12,1,0,25.732990792769943,0
4086.802037807465,131.5098510210461,8,0,0,55.711671070475774,0
2760.1656265248685,195.58589758243727,11,0,0,37.7388779837849,0
11841.188377390452,328.9854668827159,9,0,1,54.81937206136082,1
589.4010398594012,159.81627160151345,14,0,0,13.944970983492045,0
3392.5255468647715,281.9558402722034,11,0,0,70.88683912224602,0
57.09294716270834,283.885040703822,18,0,0,60.08440112060603,0
3161.771847914631,172.32058791460028,10,1,0,27.492851762554974,0
289.75215532962886,228.44915395926375,6,0,0,27.818343142305714,0
632.454979655856,281.4198311564269,8,0,0,75.08398856146292,0
625.1311600372813,181.04361295062566,11,0,1,38.93930144753062,0
5237.841932034858,189.82098199488192,9,0,1,37.48722726901064,0
6852.988587982364,170.91595430256783,5,0,0,16.00921858776076,0
4377.768886014343,149.26216346535665,12,1,0,44.738326915976685,0
16373.601045511885,167.53612274669965,7,1,1,46.58420577746371,1
2348.982889601336,138.80298666188716,8,0,0,60.73239645154228,0
1682.3457871027936,201.7041734129613,15,0,0,29.013823577232866,0
10147.512690851148,161.50133844706792,14,0,0,27.195698116390858,1
1265.410338659267,211.68929558953738,8,0,0,56.764439521647155,0
16514.350531259555,122.20521768981864,5,0,0,65.10095106840598,1
61.14472179484654,216.54401161072286,4,0,0,26.432714733231755,0
17512.634614397408,241.67644808044622,7,1,0,66.22271129449612,1
220.59499309250947,100.31321787142723,8,0,0,50.563127622302325,0
11088.606145800044,218.70282849237861,6,0,0,66.37708008611969,1
3750.7162517469515,261.3834496236646,19,0,0,48.94669457723575,0
24784.143039630166,139.51794906543972,8,0,0,12.165831237680745,1
383.30687977227467,283.62861934188516,8,0,0,47.72048926525942,0
4035.548318666744,220.95095046830227,7,0,0,65.90215728006905,0
17417.876106280026,164.74940721207955,7,0,1,36.593809713744285,1
3702.2196659052197,197.2115461171147,12,0,1,44.18052546638822,0
4963.141451905937,227.91634562608613,7,0,0,47.357997446735325,0
5949.506190583871,203.80026957062057,6,0,0,6.507291801972772,0
3030.6387783847545,226.93779962231847,14,0,0,75.07021363156214,0
4938.37086504011,153.9663203460317,5,0,0,36.47936480154238,0
4389.129309028778,208.4680412018039,8,1,1,57.58603148709199,0
11571.163847413238,129.314275154751,13,0,0,48.69948295777687,1
232.55730871740488,194.438696932565,11,0,0,68.8642858453904,0
1649.2136294937923,154.8046179267605,6,0,0,56.09084183642121,0
15019.980029304656,163.22350287051168,8,0,0,46.47613592718538,1
11048.379142267431,261.8046587605219,5,0,0,36.5972736122108,1
3040.8763097981,254.56550602971345,8,0,0,61.967760520732085,0
4839.665143694886,230.45690604535886,10,0,0,21.89838044068075,0
1624.3670994756508,145.38436176637106,11,0,0,59.68835630413839,0
1042.0208071803224,184.1795775152599,8,1,0,33.51432872667691,0
3115.2929940204936,260.6548849989592,15,0,0,68.7842549293496,0
2179.767673083667,207.08584568199524,7,1,0,52.41949313994043,0
4381.218530033215,315.9664769990847,12,0,0,59.66185651775163,0
404.61142216592395,219.6658919697186,10,0,0,51.22983220737079,0
18324.80061261284,209.6024558245016,9,1,0,23.71434357288505,1
21419.32787776269,184.54417678987494,9,0,0,37.08906254906992,1
5989.3194095639465,206.6770452391141,9,0,1,60.08584006417074,0
3840.3921720604494,192.37650818097282,6,0,0,52.49983726039766,0
1851.8965077718,235.40543383442952,17,0,0,67.71484857958508,0
8404.535837439984,247.8351158397292,11,0,0,56.049118445557575,0
5771.647918244078,160.70052697460252,10,0,0,35.499471639460104,0
887.3682705024419,133.4383523221111,7,1,0,38.05903793419049,0
12091.505459995637,108.18973134483517,9,0,0,51.54376085784856,1
8644.972556836357,225.3995663456272,6,1,0,15.28933900999842,0
14958.692625167181,144.83166969130633,7,1,0,75.10162828434477,1
6468.020020980672,92.35547035237586,7,0,0,56.62620104566336,0
4752.0200979568635,219.4289302265482,13,0,0,68.40551895573309,0
2708.5125329655666,324.6499758716395,11,1,0,26.290940887862465,0
13495.091807735591,199.69645442300532,9,1,0,68.66847740532883,1
10051.9619002346,241.9245387225821,9,0,0,83.47248366541623,1
231.36469326561394,204.09146792737826,10,0,0,30.186824669340236,0
133.60408433255682,195.05551734044286,13,0,1,61.5710269235565,0
2361.7388079163143,245.95382414938842,12,0,0,50.0166491703094,0
8318.238614980432,185.48627279056743,7,0,0,26.83349227627634,0
21821.377341100837,213.36961570359514,13,0,0,57.393259577778046,1
815.0475496723984,216.08489030980067,12,0,0,62.504048072560224,0
4508.620651078679,166.59547731784755,10,0,0,40.9831017099673,0
2397.3684987904808,249.60211747682615,5,0,0,67.48874780382835,0
17518.542771879813,191.25201216522956,15,0,0,24.998548898162035,1
9229.566037168173,162.21274202535776,8,0,1,27.57865780325534,0
9110.950232349287,226.82549217852016,10,0,0,52.04896093383129,0
3162.0778556988676,155.07660091044815,13,0,0,50.38077916958407,0
2679.174681636745,201.40905786845642,10,0,1,39.25139767363842,0
1596.944460750306,199.54405016778983,13,0,0,62.143916539578285,0
290.13481922418106,254.2947782915789,13,1,0,57.96341471323924,0
10002.13070001655,223.73491164399763,8,0,0,62.87208606401024,1
8380.587196249615,198.7486520627428,10,0,0,48.15295346971599,0
40862.22798909042,240.88831496001436,3,0,0,59.038704019675116,1
28474.367003721665,269.5103774508657,10,1,1,43.31524545455008,1
4053.2579632069696,227.8905153175931,14,0,0,80.80728035129894,0
7326.415451031304,200.51763099216902,7,0,0,37.81181344817021,0
14480.85841437218,134.40818838249203,12,0,0,81.57946144187467,1
9473.860073546228,146.74431684623136,11,0,0,50.52331920634113,0
1420.7622229057326,184.73876478226663,6,0,1,29.36733665646886,0
2994.1341369993224,169.52438989203586,13,0,0,70.52119025732901,0
691.4817215654433,190.6514348507277,12,0,0,51.88852082592439,0
15401.118932208545,202.83249624485535,13,0,0,62.76686147570357,1
4659.23851294309,226.48463771783653,12,0,0,68.3578387781389,0
1298.0186270924185,196.47506109704543,16,0,0,55.06933331217538,0
5569.1476958662515,224.3250821913101,4,1,0,41.11638732780778,0
4813.352173715359,203.22372074050602,13,0,0,64.63570066503875,0
2217.10231148553,101.22667168230643,13,1,0,50.011332611818936,0
602.6956069923464,153.03323030906228,8,0,0,60.28786727912628,0
5567.20641759551,192.79562221391922,16,0,0,17.694041393128078,0
3673.0521209301887,139.51526285794463,11,0,0,56.70472575514778,0
7399.035404802576,229.99643649981022,8,1,0,40.42121262282455,0
3671.5493021175753,276.53754161718484,12,0,0,74.79964455767796,0
9558.85055654242,260.93809258486584,12,0,0,59.34631021833643,0
4013.7705951074377,189.3278564534896,8,0,1,53.59786618773945,0
4115.572904900736,274.5363068424976,9,0,0,57.294649900253326,0
10463.793216148857,207.43337286010558,8,0,0,35.02338720684923,1
2583.236569940585,183.14570144409802,16,0,0,74.34885035792081,0
719.4397769514948,169.32986682295302,9,0,0,79.87055627625357,0
146.02510716047342,184.8765156755936,4,0,1,55.89370265822325,0
7035.287263312928,180.59115907293855,6,0,0,73.85605352860458,0
4841.994835303398,208.5208111187744,9,0,0,41.46277701991199,0
6088.326738989383,208.02869905249324,7,0,1,38.04329650662529,0
1197.4074674672174,200.15230100767073,13,0,0,50.613871230933846,0
733.0627561413933,221.8469084873175,13,0,0,56.52411557551848,0
73.25738132834391,259.5323137393171,12,0,0,44.09019978135319,0
2158.4363075753463,247.4777067720662,9,1,0,58.06652285552725,0
4456.986878324723,125.75510157750483,8,1,0,54.59584223110121,0
2489.9093378057537,72.30394325490226,8,1,0,35.02539837063418,0
2876.597814142156,246.7159955619637,7,0,0,57.781895261775816,0
11725.307614907208,131.65606507922894,9,0,1,62.95292363782282,1
2140.5130721255587,188.76172990536583,6,0,0,52.57203976385586,0
3607.6251403616056,141.49434869703202,10,0,0,67.28972154892539,0
7654.358688598508,109.90097812099901,10,0,0,31.73894309754572,0
2525.4006564958986,227.0731364102394,11,0,0,57.01925633197778,0
4865.452376765426,237.95775801513236,6,1,0,32.44578940404838,0
9915.703218421533,171.17447996366403,10,1,1,33.28877962650369,0
14930.952076873338,70.4478853927545,8,0,0,40.53603749393315,1
795.4093965741798,172.68777758737588,13,0,0,35.869097246386325,0
13058.313815210395,219.59020027012733,9,0,0,41.78006271888293,1
3387.513904977653,126.05442156129357,13,0,0,46.78774533933217,0
1493.6772717569788,209.16799598895778,11,0,1,62.557317294970765,0
3072.9348368534875,199.2345075413502,7,0,0,45.18261441941446,0
19568.265487902958,228.9645749800544,11,0,1,26.21561439845611,1
3392.4564633367986,205.97901842070766,10,0,0,67.10101769742741,0
1993.080160502499,151.34655295592222,6,0,0,37.443647995774406,0
5017.431369788298,259.82857508322456,9,0,0,49.119193593430566,0
1373.1423385780147,192.0735213486515,3,0,0,56.69804760411067,0
394.4765248811752,198.6347730245034,12,1,0,52.99415627604174,0
689.8760985620793,153.3366020463402,7,0,0,66.41269321282213,0
685.0921203350356,177.83588744042447,7,0,0,57.185047150891386,0
823.7995077833649,155.75986429865495,9,0,0,37.08035630454338,0
747.3003303375827,191.35269700382884,13,0,0,82.67843260987493,0
5120.420255379032,285.5854240071172,8,1,0,52.915001950073496,0
1003.7317851724081,131.40494285343217,13,0,1,47.78989660067741,0
2120.696578974026,119.32193010616294,7,0,0,64.45888134583356,0
11354.870625641788,273.55851637468044,10,0,0,53.74176418895108,1
3211.905708232968,189.5338161424067,14,1,0,55.98842289408991,0
5506.445418261903,166.54636306700417,9,0,0,87.3827599790103,0
945.6425855660824,251.99523436980382,13,0,0,45.8731785761743,0
1067.7549049754753,169.7192230131568,10,0,0,45.23358658973906,0
208.63606358782653,291.3004856773468,16,0,0,51.74867768018696,0
925.2367203279044,233.89629356696346,16,0,1,66.07273903371558,0
1632.7405931557275,175.60442959271487,10,0,0,27.401989547144012,0
974.0590874155397,307.86541066327516,10,0,0,20.51666162785242,0
464.42953930183785,169.71425384983309,6,1,0,41.193270940697786,0
642.7810674667627,237.10476860046535,19,0,0,25.491155614110692,0
3088.1467168268955,214.9646290203246,12,0,0,43.62752978711542,0
1155.4610317254828,265.0870644699399,9,0,0,57.53749544193935,0
2264.9055775545926,278.0755598363426,12,0,0,36.63876704671605,0
3500.0259235716517,201.60020745328833,8,0,0,28.597601348279863,0
5862.287170062711,162.32910648269083,9,0,0,51.04005742573022,0
200.52865050007713,222.99860714695583,13,0,0,62.93815226922755,0
8032.471219130598,166.1142315123947,9,0,0,24.57539842225081,0
4942.968451836482,300.66936237633115,5,0,0,62.30348597458976,0
426.4771518816713,206.82676655413687,9,0,1,62.25959305607489,0
10340.673492440454,181.73392243439457,11,0,0,64.31127653234942,1
12683.46773189464,209.23401529324542,9,0,0,68.27720322307529,1
315.11413780081705,132.6436855235152,10,0,0,83.03020886989424,0
1620.884215643254,151.41929807446743,10,1,0,44.65861927071417,0
8204.675916133212,260.0206953972213,18,1,0,51.643573701167874,0
6896.786201071542,167.1552860514302,15,0,0,43.75342350127962,0
1019.8981603090024,147.65445086590302,11,0,0,50.02965267133716,0
1174.4951559076662,226.83263762636432,13,0,0,72.99310033454468,0
2313.9255501218486,259.28520773314983,12,1,0,29.824782741039968,0
3313.312823343072,235.94766553325334,10,0,0,37.08425491751637,0
4815.00917029276,249.80238429029083,9,0,1,70.65771404756842,0
2301.562815001756,162.16024557152696,15,0,0,65.30054760353134,0
3104.455546104588,128.90946666290782,14,1,0,44.55302529774383,0
6881.1447019492125,275.06668259777433,10,0,0,62.8160300168108,0
186.86476160739232,183.86600805789323,11,0,0,55.118237637380496,0
1454.6831094119862,187.45834917724764,19,0,0,72.50411913501482,0
6247.459374780129,266.4097070924529,12,0,0,51.117643907401586,0
11278.833771653068,227.811500470033,17,0,1,65.38448170808874,1
3583.8955610420044,222.79438860408038,13,0,0,89.63017865738931,0
3797.6475117653445,308.2501172450542,11,0,0,58.97148732571199,0
566.8066927033169,167.82408848099286,12,0,0,50.73992248692265,0
2965.716230417754,246.39200640406185,16,0,0,60.8367047783147,0
3803.03399527645,202.85065624485424,11,0,0,44.52078712694173,0
1388.4640163032666,213.42961394316288,8,0,1,85.81951558287098,0
1568.3730593927191,276.4234213206266,9,0,1,52.70106556543972,0
2368.32492401236,225.39178781448118,6,0,0,45.906000196617306,0
101.37680375157257,226.91480395248163,5,0,0,37.464664924699456,0
1943.6238062806788,253.62536686549012,5,0,0,66.45830287409657,0
1187.7846781181493,181.75236352285575,12,0,0,63.007811192416085,0
1983.7461511599133,158.0395166330497,6,1,0,42.539684428788604,0
637.8155164239063,147.7595402989483,20,0,0,58.64677017683634,0
11060.399499715124,101.68217053119992,16,0,0,27.371660476807154,1
4501.994069397799,302.81035649701613,3,0,0,52.774558626097345,0
5683.164789465158,144.83958171391583,11,0,0,56.79134528115042,0
7783.5451618889565,188.9373188207114,8,1,1,75.60994714338834,1
3450.1821092444256,186.15933500555397,11,1,0,38.43771795906966,0
454.66047258727923,215.37033489045504,8,0,0,30.824710567965134,0
3851.2918164741127,240.78686062696482,8,0,0,36.56858058612438,0
4419.615289356868,243.02367441798728,9,0,0,29.9514724952762,0
6841.083244042046,170.84612807155307,7,0,0,70.04986036638475,0
2825.1732469149106,191.64391431067943,5,0,0,73.22958942536054,0
682.4233336465611,214.12899752441498,8,0,0,54.80324866923243,0
1668.8109013085195,187.56544369082263,5,0,0,68.31942418527723,0
2255.5741273731173,280.36727880099966,13,0,0,52.00937570870353,0
5191.123058109308,224.54874758191258,10,1,0,48.57332528448851,0
4228.908606007098,236.74388930249089,8,0,0,45.004435714193576,0
2201.033798259031,233.14406343337063,10,1,0,45.344135129336514,0
21530.97886084906,258.67369287426624,11,0,0,26.782976655364532,1
4654.165042336046,209.05107793518536,13,0,0,53.96382145411008,0
1353.9726437839997,135.15840260220767,6,0,0,49.39499134678935,0
536.7150231244343,219.9843975876321,9,0,0,61.180410861168134,0
829.4414629491293,167.43215531040855,12,0,1,51.402852446579146,0
1411.5342469757047,173.56916591251215,12,0,0,47.559444476463625,0
875.8243747714702,229.31820093775465,11,1,0,36.932104549885544,0
1032.458727272902,261.91415357168177,8,0,0,51.08229855232642,0
1678.0292410772327,201.0635788368031,9,0,0,61.07355846224243,0
952.012168314435,215.44165062994819,9,1,0,32.84991513374209,0
11353.757246779576,285.1107472317619,12,0,0,51.31210630521109,1
418.1785629600008,212.0376589744284,12,0,0,53.49564427294226,0
3717.061750563513,330.08415570901974,12,0,0,39.229028245726035,0
2641.5277824465115,228.2754822815772,14,1,0,41.18215542638,0
20193.210830079603,111.96186204220912,10,1,0,53.459162731493215,1
594.1367284870245,237.66708105522662,9,1,0,32.99868472561066,0
2536.289968712152,219.0579192441389,8,0,0,55.248855728740885,0
17445.298320633574,264.4876377041373,14,1,0,36.569684395112,1
10031.220309840774,233.65906756349793,16,0,0,65.94280539549824,1
8493.315170180897,193.0772008008113,13,0,0,85.0674161808245,0
1491.3754176675232,138.78508818553172,13,0,0,37.08864797447271,0
936.9976639324376,189.54883713569873,13,0,1,58.01311793562012,0
5522.797993408918,157.47397728953501,8,1,0,39.09887142676971,0
13251.925474799777,170.97382750976385,13,1,0,65.61431260696685,1
4068.252109523711,229.42892022103047,14,0,0,31.021123863721773,0
4238.637807292933,283.4952252175703,8,0,0,57.20880137641569,0
1642.3751540532542,219.73357649114905,11,0,1,36.90516549665971,0
7337.3687920604425,140.2058468982408,12,1,0,46.89523116352447,0
1035.3899107303541,222.23013341100705,9,0,0,34.53462087279039,0
1955.4390655961631,259.83157433228257,13,0,0,62.3352570634363,0
2770.7227503491526,169.5108547840309,12,0,0,37.445294683406196,0
3542.4248132234925,193.2991416663541,11,0,0,58.279463889977414,0
1388.0629178480292,200.73440973645987,7,0,0,44.83852957606501,0
609.9163607206772,160.755084345888,6,1,0,48.282914423017054,0
4715.998287146783,232.41402169219296,14,0,0,52.21633861100193,0
1702.8168421827088,193.9525925696109,12,0,0,38.57262992511727,0
4352.265341462218,220.97662219535138,8,0,0,53.1555067031133,0
838.323763853399,155.625391109895,7,0,0,72.95501846531617,0
3280.606890142638,178.1270849838295,11,1,0,38.328578212509285,0
3802.736240645389,236.11906789138857,10,0,0,67.57715214910768,0
266.07325728560664,181.35834239541165,8,0,0,72.47146450231676,0
2051.9180069021163,286.34819256167026,18,0,0,37.75767516457934,0
721.746634159658,180.01819071926988,15,0,0,28.174180923641725,0
327.3612938626244,211.23423628759429,11,0,1,54.52941350257647,0
23006.006556976623,246.6295415936545,4,0,0,41.788887158496905,1
1945.6501125971013,129.08171335334842,11,0,0,78.02904828744504,0
8300.353068849494,111.95955940096121,15,0,0,50.52211310749748,0
1469.444171467007,123.71718427149526,6,0,0,37.96700887947231,0
5720.706755101758,263.1292051713591,8,0,0,32.792607334824325,0
7140.331114141043,172.40709270537766,13,0,0,66.34857438636246,0
4527.232970845699,327.9099642834126,8,0,0,41.432240388737206,0
3189.283220226359,171.78762006713058,8,1,0,50.65743199190642,0
2653.7890675268886,209.22756515985185,12,1,0,64.33704117668721,0
2145.216508519874,277.1054976283938,11,0,1,42.73612472103755,0
13262.780241103905,300.3046444079561,12,0,0,49.31106756889759,1
8878.03535570899,303.07517883181987,12,0,0,49.7514738526622,0
16765.88194707846,260.4183115296571,8,0,0,60.24986767274138,1
663.6427091805277,251.20312629057312,15,1,0,58.86116503265489,0
6562.7568173025375,229.62634746005915,5,0,0,46.698294031177575,0
13930.636326306203,238.91805380833188,12,0,0,50.95473592244777,1
999.7790485039884,172.44071418357333,5,1,0,44.42331482714767,0
344.0515873624843,159.09005582888463,12,1,0,27.83581389620833,0
6756.9657659431105,199.8312771294524,7,0,0,53.86401286097194,0
4272.1357209933485,191.49076887375358,10,0,0,78.38287641249602,0
9220.385706607389,177.33859753363623,10,0,0,36.744212889634056,0
752.791232070963,234.81937237283577,10,0,0,38.404554355959455,0
7930.25055515934,247.76526042852555,11,1,0,36.93908342534388,0
1125.8988653351148,204.42034431459237,7,1,0,60.86887668084684,0
893.57599482759,273.8765040527631,8,0,0,56.7272818129466,0
897.2232827997535,142.91554429332476,9,0,0,47.62193461375315,0
8425.516412820043,190.31702703601408,11,1,0,36.22971407541552,0
5471.068195079844,164.15888396985974,8,0,0,51.385651874598864,0
3701.879781730222,106.673169146347,9,0,0,26.530668089962937,0
2222.307008390341,195.86596570786503,12,0,0,52.1513985028624,0
10486.013336471662,193.91262458083582,6,0,0,63.07286579131901,1
2491.5637484872245,275.67248716210656,6,0,0,31.23201295049483,0
8480.413314240348,231.5405842277389,12,0,0,27.012225847555044,0
2891.374405569402,148.79065878353975,10,0,0,73.69156837542289,0
2365.5978290886856,292.70462831670943,11,0,0,40.823605407431224,0
3105.805299498013,261.0516847762676,9,0,0,67.03921768915733,0
1793.2263771532103,229.1048851734308,14,0,0,47.690035022032525,0
6883.886564684697,188.6757950575084,5,0,1,47.57067774588009,0
3493.01407847798,152.028038163826,11,1,0,56.576190492449676,0
1321.2126549853263,181.38966119644735,5,0,0,36.74001714880339,0
11491.699247752918,254.4374309852093,5,0,0,51.987457152434686,1
2421.6587117935564,294.2293152967304,10,0,0,44.277658777638614,0
3921.411910888817,277.1621764136094,11,1,0,30.19259834892453,0
11847.478043548132,175.5575289106863,12,0,0,55.06223112089599,1
4893.996519286654,144.01912833554945,8,0,0,46.05038289683126,0
621.5730792888987,207.0443123455602,11,0,0,47.64462757332938,0
14053.083419661045,111.57803172185741,9,0,0,31.847585848787634,1
4940.384644674131,216.15838570923907,10,0,0,73.87100551644207,0
2039.131577756547,192.61987068506656,12,0,0,63.15071279579174,0
749.8841030821291,176.6981749065879,9,0,0,64.46233826257968,0
7900.006978401335,120.26484663666022,12,0,0,45.41832946337477,0
4838.877537814262,225.68000532848583,12,0,0,24.062256657448696,0
3812.069290245141,173.36495801690444,13,0,0,79.29376073734267,0
11216.516652682227,141.50415821448559,7,0,0,49.08353737991198,1
7769.95006848036,56.38688933591753,9,0,0,38.7680030596992,0
822.4566006317044,198.6242547474682,8,0,0,56.25202361724671,0
1867.8127569790024,288.6125798334872,6,0,0,67.50681182004946,0
1428.3480927441897,283.0629607273935,8,0,0,49.65424165871801,0
6811.8403093420575,177.1451871706864,9,1,0,69.17862751909063,0
170.53769928918965,169.88939698191098,12,1,0,66.24499907775304,0
4218.567781930715,223.4387128037512,11,0,0,33.85428218896912,0
7187.068579298894,150.08072804058543,6,0,0,39.89314841510785,0
10468.336721929689,215.0895949909733,11,0,0,64.36305744919652,1
2093.3729677254637,238.3040139192345,9,1,0,9.310811542843432,0
8609.039817705016,261.34666119421536,6,0,0,47.75816460252517,0
586.2194254938867,194.99229617600236,7,0,0,28.53753197562992,0
9368.719786058438,189.8163124911517,10,0,0,42.85169297849713,0
681.8981526403542,156.10087066217196,14,0,0,45.51769866456194,0
2531.5731560493214,158.655982298007,8,1,0,44.62633433138738,0
7980.0268166324495,188.67605540492366,10,0,0,41.71608121831087,0
812.1089496020809,218.3682753408089,9,0,0,33.54284525556779,0
1301.9651122237547,245.67923131166248,6,1,0,84.37866900228029,1
6405.215488224527,159.84105246598276,9,0,0,78.01193006242026,0
6365.480859958473,274.63442844797606,13,0,0,32.569012696155745,0
5124.221043686954,186.44381994787156,13,0,0,73.73175126955351,0
5920.008545438084,198.93163528257818,10,1,0,44.008017642907205,0
3912.345505978191,162.63941604260884,13,0,0,51.93781209997566,0
1450.4184962970496,78.78798698635292,6,0,0,49.050890601546264,0
2120.915968966317,244.20226981805249,19,0,0,40.103770381190515,0
1002.0063725826592,236.84219485462168,12,0,0,64.7577851540922,0
11954.380696618258,185.93362214408933,9,0,0,51.888297958649865,1
4378.045273182993,203.3495358612436,12,0,0,42.851728651711376,0
2561.228297395112,225.79696088520498,5,0,0,30.431158342992912,0
3099.5375316058166,121.87270715567287,8,1,0,36.596074794213195,0
14714.118684986055,173.54736613268526,9,0,0,25.379298265968547,1
832.3477506425033,239.71323398109135,9,0,0,50.183353226227545,0
4412.22304554277,137.28552884153754,9,0,0,32.05001611573406,0
3524.9722039658864,214.67789660833145,9,0,0,46.01659231222188,0
4726.721590015363,132.17090976882974,11,1,0,70.55152780415557,1
91.38090203248618,223.3214991216763,13,0,0,67.98949359382378,0
10283.467612703484,198.21792588512582,13,0,0,49.51584658846073,1
13449.94268345626,119.24340920472453,13,0,0,48.693729107852754,1
4163.577319716988,258.2369677228586,10,0,0,78.19811824131511,0
5964.353702629791,163.27042116009756,7,0,0,57.81134180538067,0
12787.346789228131,159.48737814928097,11,0,0,45.08290310185215,1
6141.987266962591,210.02845986154713,4,0,0,28.60972824319322,0
827.5525456206086,257.43186747143574,13,0,0,55.90809827247115,0
4293.510749262801,149.20890905108016,7,0,0,62.439856588742934,0
4666.104285170075,203.08399249239858,4,0,0,40.52522713229534,0
2759.3725196141054,221.44082501652863,6,1,0,54.36804132707049,0
6667.451519416961,234.6552803631572,7,0,0,44.54640057627456,0
13618.384428812373,208.82207776386127,3,0,0,47.23951401201496,1
12989.381065270587,181.6486080458339,10,0,0,12.68266913656503,1
2996.821481518088,158.62048896756403,9,0,0,46.673278944257966,0
600.8935227589209,204.30719415231874,6,0,0,64.54053953612082,0
20945.869945603532,146.39304940071966,4,1,0,40.52896166650163,1
9128.590554092214,53.932475825269634,11,0,0,50.78789552322974,0
665.729798585317,221.8279902078834,14,1,1,38.66073939962119,0
12681.53970481638,245.19674205430977,18,0,0,55.40662514439159,1
10197.119656134317,81.85337822290808,5,0,0,46.7521520369574,1
3657.756929843246,149.5134647645031,7,1,1,35.9113768897699,0
4473.568934145374,230.95771305025988,11,0,0,69.98827201497691,0
2545.824217045068,302.8747734855849,8,1,0,63.93398020298323,0
281.5907462164689,201.0396853837704,6,0,0,40.926398541077376,0
2041.3244315037057,163.59985293854328,6,1,0,57.46682464126666,0
8119.039555330894,190.855177944758,7,0,0,58.06118004230571,0
23.213920331714423,268.74382095740924,17,0,0,59.63451852516764,0
2028.5694829508436,167.70179104377323,9,0,0,24.586161560073833,0
2538.8904742733907,160.04039966748732,4,0,0,65.09909811548943,0
3854.4151206194088,175.86282389089837,12,0,0,41.45451555611403,0
12619.627380765209,152.33356958706437,9,0,0,44.632580998380995,1
2125.8855544539506,206.13351579973977,9,0,0,89.568226283903,0
2130.5324297924763,281.233922923478,8,0,0,54.528100710815174,0
6687.544758327828,216.15396365580145,11,0,0,44.20516286829237,0
3009.388867461697,187.38232489368562,8,0,0,16.92058440866141,0
1271.912368513627,185.4094365542228,7,0,0,70.84646200919533,0
3011.4117528807756,121.84045956516715,12,0,0,29.821854937870963,0
759.0996096569353,244.15548885735794,4,0,0,34.94841644750745,0
970.2725160404838,196.1081401493599,8,0,0,45.02971551368226,0
3449.4402140140883,190.97600432046872,7,0,1,71.24617687550439,0
2714.3810812800352,359.65537839224305,7,1,0,61.59859979998639,0
12316.463676264064,214.93764541828432,8,1,0,47.6324373523961,1
2250.1729151986415,162.4104474952408,9,0,0,54.624380954582314,0
4344.51191892636,178.68212018972284,14,0,1,40.99421460693341,0
5001.95386258924,257.4222854598377,12,0,0,52.09480534348026,0
65.90472412829614,205.66352052688822,9,0,0,51.10005117167205,0
5446.340985179945,128.08610108413166,9,0,0,64.5315484352203,0
980.293200996241,245.96144672876017,12,0,1,64.50767183658424,0
16229.991361362132,166.5927957230503,6,0,0,57.40966073308467,1
804.7345215509004,293.6648888108773,7,0,0,44.56478663680846,0
2677.505572683034,254.0024032857324,12,0,1,61.1273344158519,0
446.0671882525157,177.63390521706245,9,1,0,48.6204730069543,0
28840.408075753796,264.0508180867556,11,0,0,33.771284469303005,1
3487.7343282911306,203.39277552637017,6,1,0,43.95068312133592,0
4524.096620444729,242.638683756111,10,1,0,51.26790475676487,0
347.16025414127085,224.23664086472374,7,0,0,63.65323675497118,0
6930.681276079995,157.68216725045633,13,0,1,47.24707741764271,0
1178.014191251316,167.8225083841269,7,0,0,31.862019331405907,0
11416.574284058152,251.49804087905807,11,1,0,50.85112524945229,1
1147.9441408041666,183.26123339467296,12,1,1,51.701840600848286,0
1057.8521490440792,179.81757683790016,10,0,0,52.7875644335413,0
186.17170928836083,152.24387103253235,8,0,0,63.79807273931645,0
3193.9289664773196,221.17995327967304,11,0,0,65.28384860134848,0
4160.220518380903,303.12624596215727,8,0,0,41.086836914275004,0
339.83470089578236,146.62335428728636,10,0,0,40.757848129265845,0
7470.012967991862,201.2109728336379,12,1,0,34.397019335667906,0
3019.1732514681084,270.61102777077144,6,0,0,60.482235054207145,0
3715.788272962984,196.01793043771423,5,0,0,71.73230162506573,0
2905.9073589379013,222.6185898124867,10,0,0,45.27377108136615,0
2560.4910063746065,146.88032359265603,10,0,1,46.3785415291251,0
4100.817285689373,221.41535486038242,7,0,0,72.00173835348464,0
843.5150338047774,190.64278674977257,14,0,0,57.58336779822511,0
1004.0254310431275,249.28649978399315,13,1,0,56.54353557201583,0
9894.746641480702,259.3693025782375,11,1,0,32.1362524103941,0
14604.558546323427,329.47818210093067,8,0,0,60.18092103919128,1
2336.5109373756927,228.9816586606788,7,1,0,36.06295489235362,0
1578.6568284633302,216.28981582910833,10,0,1,32.98969721097563,0
5164.116325472285,209.7192150788668,9,0,1,44.79842634849932,0
2627.4478380362316,182.34168535946557,5,0,0,41.213109148269645,0
128.57074366323513,216.92419217308455,6,0,0,46.67600458422441,0
848.918016497553,185.22992949304853,7,1,0,28.385275482126215,0
6293.416299265227,208.4230488134807,9,0,0,64.38224459701509,0
5378.248911587679,265.879876780398,16,0,0,66.91529441774644,0
137.34928942220048,149.67287173601795,10,0,0,20.789862887887786,0
1254.964869333525,256.99392805645226,12,0,0,64.67686708499825,0
1313.807894754655,265.85575336699327,12,0,0,37.84207055267561,0
5572.073614139259,194.09657365044606,14,0,0,62.85463305474179,0
99.53690646069703,93.90725504957027,7,0,0,48.97330261000376,0
549.6802930068641,169.60890064527837,10,0,0,50.43163346121498,0
8045.0921364812075,264.84972732805545,7,1,1,47.22353525868172,0
983.3885472589267,198.8565968850559,13,0,0,68.18193806350229,0
5288.495444602884,150.03488838525445,9,0,0,31.406179812124577,0
1360.243111044976,174.76125393858914,16,0,0,59.117605081025125,0
523.7001674243566,242.03100132522766,9,0,0,66.51995247334325,0
1393.0975820572364,227.33667841006897,12,0,0,60.745101208106156,0
6405.474065485159,188.05339504151527,11,0,0,84.87048371485126,0
9679.181687269647,181.6587794092656,10,1,0,42.06579855912952,0
8866.254999877821,180.4120925478089,9,0,1,64.35957233890296,0
2530.712447375442,153.87949077507488,12,1,0,48.4086404698787,0
5514.383892022975,280.76878447347207,9,1,0,68.50109114529005,0
1146.967051644904,183.883976539433,7,0,0,49.88466506417946,0
1734.667943062584,260.8579260412748,15,0,0,44.181863272062955,0
11332.993143154521,276.0658025961226,14,0,0,69.59108305807443,1
65.43594198142502,249.91554490739802,17,1,0,42.62657091471605,0
446.93569815224566,178.41898436409758,8,1,0,28.80911361649166,0
1165.2514011990759,220.18650451683047,10,0,0,42.24729675239257,0
134.45267612158443,198.7902196804542,7,0,0,59.28549419882798,0
1001.0150164513639,154.8149069634936,8,0,1,70.88058127380637,0
4373.843643721833,216.21796408608014,6,1,0,51.66694062944768,0
2735.931591839002,141.04801044200988,8,1,0,69.77295600851038,0
11159.315104109137,259.3839694230782,11,0,0,29.627376177836105,1
8503.479515097391,176.76913513508035,6,0,0,43.35104802773146,0
2091.36402584516,210.05798279364197,8,0,0,45.67137324268848,0
1501.6312607363927,214.1643935773071,17,0,0,48.281608587912196,0
2387.6990405426886,187.05475131479614,14,1,0,51.261415823752955,0
4461.588750716526,229.33469007376374,12,0,0,60.36366436088289,0
1560.3085490763644,176.25481716887379,12,0,0,43.32789742744264,0
4892.811227735438,243.56486487286222,14,0,0,52.085430304296885,0
2633.180196399056,132.70101598766257,10,1,0,49.32315664513923,0
4015.336832574222,206.3189789773206,9,0,0,36.11165144163275,0
2864.62697545556,296.94644995291424,14,0,0,48.29499966377847,0
1743.9998763116657,149.98343376972127,7,0,0,47.84510705154323,0
14826.336105761018,166.1127514737574,10,1,0,47.523791524954305,1
7211.272518663181,225.69539248294575,10,1,0,50.47639184872176,0
754.7724906151043,208.9790890969799,12,0,0,51.13510310920079,0
10142.52463859662,217.53150496367795,9,0,0,43.515572313390045,1
3341.6016483095823,224.45935650738318,12,0,0,69.09072100956897,0
11247.697451448717,231.7360734280885,9,0,0,32.45779056195475,1
8043.572269649501,255.48499209781116,12,0,1,39.185448372951555,0
2768.7830962930366,220.49093284642564,8,1,0,91.69945436335334,1
113.62794738770059,187.93711726907287,16,0,0,34.43012967516155,0
1564.5027388824335,233.62868506013655,13,1,0,29.69367987935362,0
3900.4387783989814,294.9940967447607,6,0,0,61.01715117501827,0
5018.4866596726815,193.36831268087133,9,0,1,18.84320219339189,0
1491.2733996446946,151.27353476646792,8,0,1,46.47089135041342,0
750.3720941535777,255.35403346434865,9,0,0,82.18737387614733,0
9006.935435811958,193.98094180232007,10,0,0,26.825961167698992,0
20803.12081593617,91.36652269929819,7,0,0,20.2705327139193,1
3729.4727348604347,242.37108385752109,12,0,0,27.512281970634525,0
941.7743183003696,173.23359070230387,9,0,0,63.47539352520479,0
1589.3823586446642,195.47333588479196,13,0,0,66.87165079978719,0
92.80943705383004,216.59901652845073,13,1,1,42.31116804532237,0
12284.442638467784,209.52498398895332,9,0,0,60.24818606001603,1
626.405219231015,235.47259085695197,7,1,0,70.85382991267984,1
4296.203344340779,178.22568147150784,10,0,1,76.81019621644738,0
1601.4066430139644,225.65528990880412,9,0,1,46.30497078230228,0
4039.1775770349263,187.02266612080413,8,0,0,15.477924234950198,0
5269.443169930135,236.94052404437514,7,1,0,37.6868161638547,0
8852.1959621118,230.76837420065266,7,0,0,43.59793707597114,0
1156.0126375226791,153.22806489777025,12,0,0,46.115918051324144,0
55.28364815848598,254.2991058087516,6,0,1,47.18210898486921,0
736.0403534369526,173.2018277442976,9,0,1,66.78341896896004,0
11513.857644265909,240.40288991405725,10,0,0,69.11642640031373,1
10353.006760265613,218.36436567006703,9,0,0,47.42489519112825,1
4549.221550982463,291.9091838397561,12,0,0,66.47727314077729,0
4587.918592526735,188.8267008814074,7,1,1,55.36492049946634,0
5468.671147037563,182.53416019409013,7,0,0,50.96758959293857,0
964.1101431927608,199.02901970561336,9,0,0,63.59816235664946,0
12291.047803856507,184.84101085828624,8,0,0,51.08378072356874,1
2713.04817173159,239.99709509710252,12,0,0,80.86716765646644,0
2415.553996639342,119.1844695781706,13,0,0,28.423832498081612,0
3658.584663113405,147.3158790426823,14,0,0,42.27243651361973,0
240.5233214598861,146.60985392104035,12,1,1,48.102216545690744,0
909.3085252463616,247.51537959867878,8,1,1,56.59179035686986,0
6697.695452119816,285.5306686290963,7,1,0,69.01940730654633,0
432.141378359218,194.77753907312643,4,0,0,49.63402149145765,0
4621.011094925578,191.55891384049946,10,0,0,28.666555257406895,0
1407.500168002204,203.50260815565906,9,0,0,62.637708446825066,0
2465.711284625942,258.0939151304095,10,0,0,61.32438149212947,0
1703.2609597707299,153.63234329047128,4,0,1,20.87212010930891,0
2197.7423886142674,211.91844913673927,8,0,0,49.942937994938006,0
6347.819933193434,248.75988148912148,6,0,0,26.147872539795532,0
1762.8576980277544,225.05470849699225,6,0,1,40.03023353746906,0
4178.217653528511,209.47908082993717,15,0,1,36.457866095558,0
3231.7989334513086,250.05230462835706,13,0,0,62.13897047362978,0
5448.329615463392,64.83838535003814,15,0,0,51.75245261258276,0
13809.608237564846,233.89376597654538,8,0,0,30.716134988659586,1
6594.526356275214,167.2962158436288,9,0,0,63.20098944436013,0
1209.9780662202365,108.46835515717716,10,0,0,28.492912641073783,0
158.39839412128921,225.56012997624904,12,1,0,54.95170685706416,0
1520.8465100279395,268.6829272581479,8,0,1,37.78983996062666,0
4520.303259365486,193.1275742686154,11,0,0,44.514843762042204,0
263.9763904988734,247.64372736014693,10,0,0,57.56406122057576,0
3429.5297801309443,280.61391289943225,9,0,0,57.82174098589294,0
4542.144199937801,265.74572267920234,8,1,0,70.0545361033394,1
2034.159389690502,281.99822646856967,6,0,0,48.7661945049282,0
7368.249795733674,237.1063745535946,17,0,0,54.59676294445011,0
563.59457382339,203.77168194507965,13,1,0,43.433940163935134,0
390.55252896123505,119.90170940514157,13,0,0,52.72984823934196,0
6513.237051081964,187.69687559350257,11,0,0,56.59229072012768,0
3420.851133315343,157.83767023419043,11,0,0,48.52535228818436,0
5830.213278665705,308.54713587489067,4,0,0,22.943742738612556,0
2853.1199956442865,191.20570937838318,8,0,0,54.97206344496343,0
1414.481268792658,206.1602403392243,9,0,0,55.468422160331855,0
8549.11849285598,227.57426880202337,11,1,0,39.79739785478073,0
8032.60781980095,202.1801223186227,9,0,1,30.734194458912288,0
5932.244098545607,284.75255202153767,7,0,1,72.13818725755948,0
1588.2680749401604,168.8675319132774,8,0,0,57.37168266341603,0
4460.804398617322,209.73037276186213,11,1,0,46.56378453617435,0
2239.0498778991105,162.87647071509758,9,1,0,32.94450675278769,0
480.2536730332661,133.99887443896472,7,0,0,37.67277757367981,0
12463.499217688208,169.41154545473572,13,0,0,69.53885595179348,1
735.6522440976001,198.1481601475794,8,0,1,52.06492911302069,0
15002.453265613813,178.534888774137,8,0,1,41.7411939949894,1
2953.005063954361,165.3789510063072,11,0,0,57.645338468369836,0
